"","HR top decile","CI low","CI high","estimate","se","p.value","disease_endpoint","model","x_axis_points","N_total","N_male","N_female"
"1",2.89531064166432,2.21021531607561,3.79276337955114,1.06309240808857,0.13775889319699,1.19052000824195e-14,"Myocardial infarction","BMR",0.9,230606,103594,127012
"2",2.20865889473958,1.71619401070649,2.84243744173428,0.792385496371337,0.128714835493922,7.45431778486036e-10,"Myocardial infarction","BMR",1.9,230606,103594,127012
"3",2.85223630637389,2.26931737110695,3.58488946983607,1.04810335549198,0.116647187703783,2.58162602354077e-19,"Myocardial infarction","BMR",2.9,230606,103594,127012
"4",3.15117176422731,2.51627403222041,3.94626473925858,1.14777437231051,0.114795539791074,1.54843077912705e-23,"Myocardial infarction","BMR",3.9,230606,103594,127012
"5",2.40381868512112,1.9025001648942,3.03723719848338,0.877058591665971,0.119333669437186,1.98752840287748e-13,"Myocardial infarction","BMR",4.9,230606,103594,127012
"6",2.54456794060746,2.05597188056019,3.14927750986708,0.93396086765608,0.108783732052639,9.04556853501725e-18,"Myocardial infarction","BMR",5.9,230606,103594,127012
"7",2.09173716727127,1.66013022152205,2.63555492227146,0.737994901250058,0.117909745832697,3.87500181639227e-10,"Myocardial infarction","BMR",6.9,230606,103594,127012
"8",2.10887464213771,1.66034755071877,2.67856705924382,0.74615446025053,0.122006074489028,9.61245885714066e-10,"Myocardial infarction","BMR",7.9,230606,103594,127012
"9",2.25411727302334,1.80760176951921,2.81093145969515,0.812758443112108,0.112633429678274,5.3554380182157e-13,"Myocardial infarction","BMR",8.9,230606,103594,127012
"10",2.09403368656396,1.69788641117015,2.58260920849388,0.739092199503265,0.106995848477517,4.92672330783746e-12,"Myocardial infarction","BMR",9.9,230606,103594,127012
"11",2.63747217185616,1.87482678460628,3.71034781155876,0.969820947791514,0.174138237677867,2.55824966174157e-08,"Ischemic stroke","BMR",0.9,232825,106041,126784
"12",2.57680376997748,1.88957369154514,3.51397656449195,0.946549782079994,0.158267468650836,2.22184771855534e-09,"Ischemic stroke","BMR",1.9,232825,106041,126784
"13",2.22799515159674,1.64340681664542,3.02053170600278,0.801102145939124,0.15527363458792,2.47884377234987e-07,"Ischemic stroke","BMR",2.9,232825,106041,126784
"14",2.28787790766324,1.71324065402906,3.05525397617883,0.82762471005845,0.14757312684477,2.04400886652869e-08,"Ischemic stroke","BMR",3.9,232825,106041,126784
"15",2.09376427044765,1.57302170277742,2.78689659046839,0.738963532304202,0.1459032479768,4.08935814280954e-07,"Ischemic stroke","BMR",4.9,232825,106041,126784
"16",1.50775635818698,1.1260999310631,2.01876332014968,0.410622690343537,0.14891213213215,0.00582482210602622,"Ischemic stroke","BMR",5.9,232825,106041,126784
"17",2.27651066984803,1.75679255119047,2.94997882727818,0.822643862734507,0.132223924746477,4.92122385368822e-10,"Ischemic stroke","BMR",6.9,232825,106041,126784
"18",2.05434129556078,1.57908128654453,2.67264148755863,0.719955259125085,0.134243306249401,8.18226196255107e-08,"Ischemic stroke","BMR",7.9,232825,106041,126784
"19",2.23321498875513,1.75825823133145,2.83647139943939,0.80344224621514,0.122001511435121,4.5332476242221e-11,"Ischemic stroke","BMR",8.9,232825,106041,126784
"20",1.60434484292719,1.24812934725937,2.06222406409949,0.472715475693525,0.128099071952345,0.000224048376517375,"Ischemic stroke","BMR",9.9,232825,106041,126784
"21",2.2279560001811,0.98326853625967,5.048252593971,0.801084573297813,0.417332969159883,0.0549168634943772,"Intracerebral hemorrhage","BMR",0.9,236695,108200,128495
"22",3.02441534209914,1.49402331294346,6.12245343314184,1.10671779746359,0.359825543763951,0.00210004386560884,"Intracerebral hemorrhage","BMR",1.9,236695,108200,128495
"23",1.27022567989878,0.544068956486029,2.96556761535383,0.239194585391301,0.432596656873385,0.580313059936066,"Intracerebral hemorrhage","BMR",2.9,236695,108200,128495
"24",2.45139838813668,1.39679704749602,4.30223851642,0.896658632397046,0.286983253006533,0.0017815085964425,"Intracerebral hemorrhage","BMR",3.9,236695,108200,128495
"25",1.45615139802759,0.69517881599808,3.05011724347993,0.375796926530531,0.377243209399436,0.319169409185022,"Intracerebral hemorrhage","BMR",4.9,236695,108200,128495
"26",0.956839544373733,0.441477160214544,2.07381490184545,-0.0441195668177782,0.394654918051166,0.910987719619854,"Intracerebral hemorrhage","BMR",5.9,236695,108200,128495
"27",2.48392291986179,1.48740601546668,4.14807591717241,0.909839132938319,0.261640246158235,0.000506220018597287,"Intracerebral hemorrhage","BMR",6.9,236695,108200,128495
"28",1.07471131389828,0.541695445174879,2.13220254759219,0.072052080304,0.349548986844717,0.836690376169171,"Intracerebral hemorrhage","BMR",7.9,236695,108200,128495
"29",1.02991632927746,0.519944763603441,2.04007756124142,0.0294775652307036,0.348736133679239,0.932637559730462,"Intracerebral hemorrhage","BMR",8.9,236695,108200,128495
"30",1.10235307243625,0.593102185991788,2.04885823220766,0.097447051826423,0.316248477601935,0.757980025696831,"Intracerebral hemorrhage","BMR",9.9,236695,108200,128495
"31",5.72612931709742,4.00293210165587,8.19113492895849,1.74503979061535,0.182662883316921,1.25586511562346e-21,"Lung cancer","BMR",0.9,236377,108050,128327
"32",4.64442467045436,3.21307671059995,6.71340352639678,1.53566750462775,0.187982306111347,3.10407614542401e-16,"Lung cancer","BMR",1.9,236377,108050,128327
"33",3.73452216992977,2.64752621169862,5.26780651918416,1.31761987731625,0.175510458884984,6.03324927824323e-14,"Lung cancer","BMR",2.9,236377,108050,128327
"34",3.33809069203928,2.39689977643148,4.64885915458212,1.20539899444494,0.168994356306957,9.83641214271982e-13,"Lung cancer","BMR",3.9,236377,108050,128327
"35",4.11036887733743,2.99209865615569,5.64658263290403,1.41351277565774,0.162012029445309,2.66793739498052e-18,"Lung cancer","BMR",4.9,236377,108050,128327
"36",3.33420775131084,2.40451376767355,4.62336355830366,1.2042350953179,0.166782344156514,5.18352012709611e-13,"Lung cancer","BMR",5.9,236377,108050,128327
"37",2.7806042645026,2.05128781260195,3.76922245053594,1.02266826541486,0.155207172494299,4.42641154843102e-11,"Lung cancer","BMR",6.9,236377,108050,128327
"38",2.53307523015151,1.84637158251814,3.4751781181858,0.929434070598836,0.161335446278832,8.36767475433449e-09,"Lung cancer","BMR",7.9,236377,108050,128327
"39",2.99965604890714,2.22136594829374,4.0506321881168,1.09849763173097,0.153255537043754,7.62394303535572e-13,"Lung cancer","BMR",8.9,236377,108050,128327
"40",3.09872321715826,2.28687177001004,4.19878617702885,1.13099016121842,0.155005560932667,2.95461893216849e-13,"Lung cancer","BMR",9.9,236377,108050,128327
"41",10.2727492640772,8.11024401755733,13.0118621849288,2.32949468666256,0.12059748667538,3.91903557081956e-83,"Type 2 diabetes","BMR",0.9,225742,101438,124304
"42",10.5737056992484,8.67444143839106,12.8888128426923,2.3583703249357,0.101016850433382,1.50252541758898e-120,"Type 2 diabetes","BMR",1.9,225742,101438,124304
"43",10.1020934824478,8.47377562366937,12.0433083504189,2.3127426778585,0.0896784357256755,1.16950652481135e-146,"Type 2 diabetes","BMR",2.9,225742,101438,124304
"44",7.87077211941119,6.74519271935858,9.18417847097354,2.06315616681783,0.0787392557225188,2.49629645926626e-151,"Type 2 diabetes","BMR",3.9,225742,101438,124304
"45",7.57034626435166,6.53952143989338,8.76366001532941,2.02423880806132,0.0746824027137221,8.68397830704378e-162,"Type 2 diabetes","BMR",4.9,225742,101438,124304
"46",7.08242612473257,6.15973261857415,8.1433339591785,1.95761652199148,0.0712172022367545,2.44474428019725e-166,"Type 2 diabetes","BMR",5.9,225742,101438,124304
"47",7.48217042128015,6.52588836380744,8.57858288283943,2.01252291316991,0.0697695583169354,5.80577523984457e-183,"Type 2 diabetes","BMR",6.9,225742,101438,124304
"48",5.43020483670515,4.74556696858858,6.21361467739355,1.69197685638446,0.0687593981007484,1.05757954003876e-133,"Type 2 diabetes","BMR",7.9,225742,101438,124304
"49",5.82920851053877,5.11898947036948,6.63796478895374,1.76288122966034,0.0662890645859066,7.99686714417171e-156,"Type 2 diabetes","BMR",8.9,225742,101438,124304
"50",5.84001081971907,5.11901809897807,6.66255241044068,1.76473264953004,0.0672308304912847,7.36509130539216e-152,"Type 2 diabetes","BMR",9.9,225742,101438,124304
"51",5.08233758126,4.05550577167996,6.36915757098967,1.62577130954344,0.115153086292908,2.92775662388874e-45,"Chronic obstructive 
pulmonary disease","BMR",0.9,231933,105732,126201
"52",4.12204637831687,3.31652844868258,5.12320838126524,1.41634973381615,0.110936296616288,2.49875032546522e-37,"Chronic obstructive 
pulmonary disease","BMR",1.9,231933,105732,126201
"53",4.87311793169916,4.05777923495808,5.85228446428609,1.58373396461494,0.0934191283925365,1.82896483414668e-64,"Chronic obstructive 
pulmonary disease","BMR",2.9,231933,105732,126201
"54",4.63031972929569,3.88451100122045,5.51932039548063,1.53262592171727,0.0896081844446227,1.39423734693178e-65,"Chronic obstructive 
pulmonary disease","BMR",3.9,231933,105732,126201
"55",3.4999513150978,2.92634397353641,4.18599430512313,1.25274905842657,0.091325762386597,7.9914456591755e-43,"Chronic obstructive 
pulmonary disease","BMR",4.9,231933,105732,126201
"56",4.4530715728138,3.81298489451498,5.20060975356284,1.49359409915309,0.0791758323542897,2.24357904031461e-79,"Chronic obstructive 
pulmonary disease","BMR",5.9,231933,105732,126201
"57",3.92218176107924,3.33741935932402,4.60940268832697,1.36664807067767,0.082374069379337,8.12908907851411e-62,"Chronic obstructive 
pulmonary disease","BMR",6.9,231933,105732,126201
"58",3.70616912864843,3.15267055229736,4.35684267743657,1.30999876326234,0.0825264527793391,9.64131853437211e-57,"Chronic obstructive 
pulmonary disease","BMR",7.9,231933,105732,126201
"59",3.76603523667654,3.21138226519387,4.41648493784439,1.32602278671709,0.0812878865676983,8.02036154597813e-60,"Chronic obstructive 
pulmonary disease","BMR",8.9,231933,105732,126201
"60",3.97806326700134,3.42624892075894,4.6187500448041,1.38079508452887,0.0761896810675458,2.09360398101783e-73,"Chronic obstructive 
pulmonary disease","BMR",9.9,231933,105732,126201
"61",3.10503994226377,0.347047954615504,27.7808092940211,1.13302657915577,1.11804038609133,0.310867238244674,"Alzheimer's disease","BMR",0.9,236874,108122,128752
"62",2.88889013651842,0.823220609693025,10.1378489831365,1.06087239255693,0.640523734703721,0.0976696349053245,"Alzheimer's disease","BMR",1.9,236874,108122,128752
"63",2.09477949571495,0.617036898624831,7.11157006241827,0.739448295192623,0.623621024884604,0.235727589224088,"Alzheimer's disease","BMR",2.9,236874,108122,128752
"64",1.50486118153355,0.595378058676193,3.80364567132661,0.408700655762947,0.473100192430552,0.387655136737526,"Alzheimer's disease","BMR",3.9,236874,108122,128752
"65",1.65517516281864,0.70690279539695,3.87550429486325,0.503906841789635,0.434073768634909,0.245691373027522,"Alzheimer's disease","BMR",4.9,236874,108122,128752
"66",2.09867108925673,1.13966005667921,3.86467904623751,0.741304329778028,0.311523228259508,0.0173308879231529,"Alzheimer's disease","BMR",5.9,236874,108122,128752
"67",2.09166581649152,1.18893564164651,3.67981725387616,0.737960789891419,0.288220756217693,0.0104551366269659,"Alzheimer's disease","BMR",6.9,236874,108122,128752
"68",1.19664487528161,0.645205367185206,2.21938475773202,0.179521703595193,0.315163096156526,0.568938687625206,"Alzheimer's disease","BMR",7.9,236874,108122,128752
"69",2.00664760147683,1.28086549389856,3.1436826237366,0.696465469682317,0.22904984820212,0.00236050791240387,"Alzheimer's disease","BMR",8.9,236874,108122,128752
"70",1.92262415806546,1.25285538242132,2.95044719848905,0.653691001880871,0.218506948631761,0.0027749627479739,"Alzheimer's disease","BMR",9.9,236874,108122,128752
"71",8.51030638687677,3.37808441651292,21.4397587119145,2.14127794509544,0.471421487447483,5.56773236163411e-06,"Vascular and other dementia","BMR",0.9,239622,109598,130024
"72",2.54824926479291,1.15766919047079,5.60917952120403,0.935406560551836,0.402557343709108,0.0201437021544142,"Vascular and other dementia","BMR",1.9,239622,109598,130024
"73",2.30620122352216,1.25117972826098,4.25083939840317,0.835601678890756,0.312003074992247,0.00740225170735865,"Vascular and other dementia","BMR",2.9,239622,109598,130024
"74",2.76796124585718,1.60478280500836,4.77423451613275,1.01811103688327,0.278128893051402,0.000251652122797541,"Vascular and other dementia","BMR",3.9,239622,109598,130024
"75",1.77878537523405,1.02175830106657,3.09669851259704,0.575930757917237,0.282865294719377,0.0417443144019124,"Vascular and other dementia","BMR",4.9,239622,109598,130024
"76",2.97276261931075,1.96758739992872,4.49144855831638,1.08949169532217,0.210556712488416,2.28719892972587e-07,"Vascular and other dementia","BMR",5.9,239622,109598,130024
"77",2.81404779521402,1.99146868804066,3.9763944275418,1.03462394334327,0.176407089801718,4.49188528547336e-09,"Vascular and other dementia","BMR",6.9,239622,109598,130024
"78",1.83519642267461,1.27723369925622,2.63690655183853,0.607151518107403,0.184929393700247,0.00102652887506207,"Vascular and other dementia","BMR",7.9,239622,109598,130024
"79",1.80269306258087,1.29604162119405,2.50740579988721,0.589281692669233,0.168353593606159,0.00046480101559217,"Vascular and other dementia","BMR",8.9,239622,109598,130024
"80",2.37172767998446,1.81547253697821,3.09841767001732,0.863618668467379,0.136366221926537,2.40309441050606e-10,"Vascular and other dementia","BMR",9.9,239622,109598,130024
"81",1.86073043006055,1.46724720248428,2.35973715096617,0.620969114970575,0.121217085124449,3.0105490684022e-07,"Depressive disorders","BMR",0.9,216127,101003,115124
"82",2.18445083369941,1.76816589157635,2.6987430690657,0.781364462266352,0.107870182331519,4.370480625757e-13,"Depressive disorders","BMR",1.9,216127,101003,115124
"83",2.20911566757807,1.81408466815977,2.69016772943097,0.792592285030956,0.100517795807088,3.14298424894375e-15,"Depressive disorders","BMR",2.9,216127,101003,115124
"84",2.20874437295453,1.81698168766259,2.68497571449616,0.792424197033145,0.0996178947911682,1.79657396735716e-15,"Depressive disorders","BMR",3.9,216127,101003,115124
"85",2.17997622433127,1.79258526166712,2.65108524557987,0.779313970471465,0.0998258712255609,5.86891981359422e-15,"Depressive disorders","BMR",4.9,216127,101003,115124
"86",2.29966096613259,1.89978062757218,2.78371117296434,0.832761706040459,0.0974626509534318,1.29184770180775e-17,"Depressive disorders","BMR",5.9,216127,101003,115124
"87",1.72320954251854,1.40688980497642,2.11064940333171,0.544188565077901,0.103474916247399,1.44734520722301e-07,"Depressive disorders","BMR",6.9,216127,101003,115124
"88",1.99856787432771,1.64396408029118,2.42965986676991,0.692430861228357,0.099655103535077,3.6978501171383e-12,"Depressive disorders","BMR",7.9,216127,101003,115124
"89",2.17965300284174,1.8045864150274,2.63267371029437,0.779165691123253,0.0963457798366108,6.10618509311572e-16,"Depressive disorders","BMR",8.9,216127,101003,115124
"90",1.89427654761275,1.56611830715632,2.29119576882483,0.638836996572236,0.0970614031705554,4.64842815222045e-11,"Depressive disorders","BMR",9.9,216127,101003,115124
"91",38.7805319782708,17.2471725782352,87.1986207417872,3.65791836757165,0.413410732252306,8.89854779894214e-19,"Alcoholic liver disease","BMR",0.9,239202,109244,129958
"92",19.8829446797173,10.23631900972,38.6204737036145,2.98986231298154,0.338741035518802,1.08103371781416e-18,"Alcoholic liver disease","BMR",1.9,239202,109244,129958
"93",23.495281350827,12.0742074870059,45.7196256026417,3.15679960740656,0.339663405970265,1.48728425488424e-20,"Alcoholic liver disease","BMR",2.9,239202,109244,129958
"94",12.5282651935666,6.87052242261958,22.8450500712416,2.52798730709326,0.3065092850886,1.6151320788691e-16,"Alcoholic liver disease","BMR",3.9,239202,109244,129958
"95",18.4523004064727,10.5398923806617,32.3046363277323,2.91518904599188,0.285730614394741,1.93077061501002e-24,"Alcoholic liver disease","BMR",4.9,239202,109244,129958
"96",25.3950279794842,14.418067944483,44.7291168665601,3.23455340602398,0.288817178295884,4.10916796683953e-29,"Alcoholic liver disease","BMR",5.9,239202,109244,129958
"97",14.2802019092061,8.48049881312181,24.046246696263,2.65887409611162,0.265874694558719,1.51662852602373e-23,"Alcoholic liver disease","BMR",6.9,239202,109244,129958
"98",16.710372878303,8.67308935880379,32.195743659493,2.81602965703834,0.334600333199991,3.89227147510364e-17,"Alcoholic liver disease","BMR",7.9,239202,109244,129958
"99",17.9225633777107,10.7184725877539,29.9686616164934,2.88606044294791,0.262296544221008,3.69445729958183e-28,"Alcoholic liver disease","BMR",8.9,239202,109244,129958
"100",9.48326450761595,5.25780646668618,17.1045294822519,2.249528614333,0.300931395043982,7.70743503778966e-14,"Alcoholic liver disease","BMR",9.9,239202,109244,129958
"101",12.8749728825974,7.79171842105731,21.2745016913899,2.55528534034155,0.256241398078595,2.01751184992309e-23,"Cirrhosis of the liver","BMR",1.9,236247,108063,128184
"102",13.1348705950063,8.62445993080687,20.0041309173803,2.57527057116711,0.21463059027942,3.61276309627825e-33,"Cirrhosis of the liver","BMR",3.9,236247,108063,128184
"103",10.9539684650715,7.53475237170437,15.9248000749679,2.39370180750688,0.190909548676328,4.60146817286173e-36,"Cirrhosis of the liver","BMR",5.9,236247,108063,128184
"104",7.42107677404999,5.4457466091409,10.1129164537151,2.00432416444721,0.157905605206951,6.45127847834672e-37,"Cirrhosis of the liver","BMR",7.9,236247,108063,128184
"105",6.39155366632315,4.65647540879856,8.77315022265505,1.8549773791053,0.161594075037201,1.67746015877864e-30,"Cirrhosis of the liver","BMR",9.9,236247,108063,128184
"106",2.83842172188953,2.07206476879561,3.88821719891375,1.04324816596796,0.160565492769447,8.17540271586015e-11,"Colon and rectum cancers","BMR",0.9,235839,107667,128172
"107",2.06343746128514,1.50477371990604,2.82951124166412,0.724373262644441,0.161090066174673,6.90171412585416e-06,"Colon and rectum cancers","BMR",1.9,235839,107667,128172
"108",1.31013425874733,0.897503892813572,1.91247279224888,0.270129619554945,0.192997138606139,0.161616330123281,"Colon and rectum cancers","BMR",2.9,235839,107667,128172
"109",1.56302288704532,1.13339235778182,2.15551175076635,0.44662169435537,0.16398590734166,0.00645869707589041,"Colon and rectum cancers","BMR",3.9,235839,107667,128172
"110",1.14613864458398,0.78307713922424,1.67752795581563,0.136398592287269,0.194351868507809,0.482796033092371,"Colon and rectum cancers","BMR",4.9,235839,107667,128172
"111",1.14649277372209,0.792984016687579,1.65759416650998,0.136707520393294,0.188095157029828,0.46734861251969,"Colon and rectum cancers","BMR",5.9,235839,107667,128172
"112",1.37858432211106,0.974745094973944,1.94973510815277,0.321057119078519,0.176858557111798,0.06947279920039,"Colon and rectum cancers","BMR",6.9,235839,107667,128172
"113",1.4188387496568,1.02824710584448,1.95780118036349,0.349838755115278,0.164280182785243,0.0332108493331908,"Colon and rectum cancers","BMR",7.9,235839,107667,128172
"114",1.0450432559821,0.720373757737147,1.5160399655649,0.0440582778444066,0.189821534718365,0.816457482223432,"Colon and rectum cancers","BMR",8.9,235839,107667,128172
"115",1.57025885719511,1.15571428758937,2.13349692486953,0.451240482963803,0.156391597878369,0.00391010607325018,"Colon and rectum cancers","BMR",9.9,235839,107667,128172
"116",2.1184794921893,1.5493063454564,2.89675142168513,0.750698610692706,0.159641351298558,2.57112317242597e-06,"Myocardial infarction","PGS",1.1,230606,103594,127012
"117",2.32506116424063,1.78350255798738,3.0310634505399,0.84374634589356,0.135291866543457,4.47498474999978e-10,"Myocardial infarction","PGS",2.1,230606,103594,127012
"118",1.98081552745534,1.51323972148603,2.59286753982054,0.683508642459314,0.13737792181907,6.511663863612e-07,"Myocardial infarction","PGS",3.1,230606,103594,127012
"119",2.27760607051487,1.75818505105426,2.95047976283021,0.823124922290253,0.132065113618413,4.5840404701336e-10,"Myocardial infarction","PGS",4.1,230606,103594,127012
"120",1.98636832767712,1.52682152147603,2.58423075500299,0.68630801050009,0.134247299940371,3.18315869443669e-07,"Myocardial infarction","PGS",5.1,230606,103594,127012
"121",2.02872563796485,1.59391495082662,2.58215014044596,0.707407831377692,0.123070939136375,9.03222774411851e-09,"Myocardial infarction","PGS",6.1,230606,103594,127012
"122",2.64322325369679,2.10378731001334,3.32097695219919,0.971999101860601,0.116461272907105,7.05455031300789e-17,"Myocardial infarction","PGS",7.1,230606,103594,127012
"123",2.04144590425667,1.58035059439756,2.63707394724966,0.713658333389024,0.130620571498406,4.66578685740184e-08,"Myocardial infarction","PGS",8.1,230606,103594,127012
"124",2.05898249037952,1.61994934408192,2.61700090263753,0.722211924065599,0.122357883250446,3.58131390083808e-09,"Myocardial infarction","PGS",9.1,230606,103594,127012
"125",2.2218426093731,1.78793164374092,2.76105890183639,0.798336855843279,0.110857858668105,5.95774282400739e-13,"Myocardial infarction","PGS",10.1,230606,103594,127012
"126",1.01199475468558,0.613045260915342,1.67056732806642,0.0119233877348238,0.255739341315302,0.962813537228781,"Ischemic stroke","PGS",1.1,232825,106041,126784
"127",1.23642901953411,0.814089787291418,1.87787237257016,0.212227401992059,0.213224335014979,0.319578471671536,"Ischemic stroke","PGS",2.1,232825,106041,126784
"128",1.48581039607686,1.02822072526495,2.14704146575262,0.395960344666845,0.187825128569957,0.0350194899579382,"Ischemic stroke","PGS",3.1,232825,106041,126784
"129",1.47680998318341,1.0383369796287,2.10044308275535,0.389884344754037,0.17972981763266,0.0300614132894925,"Ischemic stroke","PGS",4.1,232825,106041,126784
"130",1.52490503124445,1.09089984901332,2.13157546627018,0.42193213352643,0.170885399401394,0.0135455588573221,"Ischemic stroke","PGS",5.1,232825,106041,126784
"131",1.43533710818069,1.04812548338918,1.9655972941892,0.361399740215349,0.160409287061309,0.0242600858773443,"Ischemic stroke","PGS",6.1,232825,106041,126784
"132",1.91642744591983,1.44031037525796,2.54993244412131,0.650462747527194,0.145719064760153,8.05136025952074e-06,"Ischemic stroke","PGS",7.1,232825,106041,126784
"133",1.28795994125731,0.932412045194111,1.77908556504993,0.253059525690197,0.164819344466873,0.124691704226489,"Ischemic stroke","PGS",8.1,232825,106041,126784
"134",1.32216720595984,0.982886215994435,1.77856408205601,0.279272212977652,0.151295703715643,0.0649110717153272,"Ischemic stroke","PGS",9.1,232825,106041,126784
"135",1.37137752049962,1.04069888011372,1.80712820938768,0.315815724089926,0.140779748349823,0.0248754088850448,"Ischemic stroke","PGS",10.1,232825,106041,126784
"136",0.505812708397477,0.121911870011395,2.09861841962129,-0.68158881972091,0.725966427825767,0.347796984623142,"Intracerebral hemorrhage","PGS",1.1,236695,108200,128495
"137",0.936195005329811,0.334959466665905,2.61661835304594,-0.06593148517653,0.52440466887935,0.89994854273114,"Intracerebral hemorrhage","PGS",2.1,236695,108200,128495
"138",0.73403732068101,0.26530287435816,2.03092706573981,-0.309195406045761,0.519237999019127,0.551523227272904,"Intracerebral hemorrhage","PGS",3.1,236695,108200,128495
"139",0.769282985264574,0.33464578815701,1.76842599656421,-0.262296385927345,0.424694676008386,0.536831353408354,"Intracerebral hemorrhage","PGS",4.1,236695,108200,128495
"140",0.767777295084825,0.30851205825681,1.91072588273706,-0.2642555682452,0.465181395482305,0.569987476954999,"Intracerebral hemorrhage","PGS",5.1,236695,108200,128495
"141",0.585447744709275,0.23719380484014,1.44501692198992,-0.535378348929387,0.460977542583215,0.245480123462335,"Intracerebral hemorrhage","PGS",6.1,236695,108200,128495
"142",0.969401089281026,0.488038935166229,1.92553996041148,-0.0310768319063121,0.350150954120566,0.929278473445461,"Intracerebral hemorrhage","PGS",7.1,236695,108200,128495
"143",1.40046580079581,0.781928076947758,2.50829266401914,0.336804896138052,0.297351082272067,0.257346862044566,"Intracerebral hemorrhage","PGS",8.1,236695,108200,128495
"144",1.44290210520201,0.82199555377661,2.53281964316099,0.36665643632757,0.287085239186723,0.201542504665025,"Intracerebral hemorrhage","PGS",9.1,236695,108200,128495
"145",0.931163275224617,0.501143413475496,1.73017348290348,-0.0713206409005605,0.316098830593042,0.821491022455025,"Intracerebral hemorrhage","PGS",10.1,236695,108200,128495
"146",1.67974825531734,1.04239955926513,2.70678759997823,0.518643934161435,0.243432335443045,0.0331265129975652,"Lung cancer","PGS",1.1,236377,108050,128327
"147",1.8669185956128,1.17994977081022,2.95384187434659,0.62428926190188,0.234094807383907,0.00765721377975392,"Lung cancer","PGS",2.1,236377,108050,128327
"148",1.50288506477296,0.966752968235663,2.33633988426197,0.40738663730321,0.225105623857806,0.0703333694346737,"Lung cancer","PGS",3.1,236377,108050,128327
"149",1.22607413990297,0.785562044114766,1.91360798017272,0.203817308689656,0.22713332991221,0.369534027342477,"Lung cancer","PGS",4.1,236377,108050,128327
"150",1.23379355256382,0.790378836757453,1.92597076180974,0.210093612106072,0.227216685553024,0.355153254043749,"Lung cancer","PGS",5.1,236377,108050,128327
"151",1.42254208666185,0.940877024064602,2.15078691111211,0.352445472986201,0.21091627734948,0.0947175821156739,"Lung cancer","PGS",6.1,236377,108050,128327
"152",1.71152844440414,1.21561608474119,2.40974897648556,0.537386798425892,0.174562281356102,0.00208058268703867,"Lung cancer","PGS",7.1,236377,108050,128327
"153",1.43521704457574,0.994197845282184,2.07186927110677,0.361316088349798,0.187317289428639,0.0537434311170632,"Lung cancer","PGS",8.1,236377,108050,128327
"154",2.10462252100258,1.52728246338805,2.90020743516246,0.744136126114313,0.163597974358506,5.40127947924083e-06,"Lung cancer","PGS",9.1,236377,108050,128327
"155",1.74310377881068,1.23205993358788,2.46612254880809,0.555667305104315,0.177033760069269,0.00169661662242016,"Lung cancer","PGS",10.1,236377,108050,128327
"156",2.05556169238831,1.51376112161194,2.7912818019232,0.720549140229806,0.156100713954453,3.91348847974523e-06,"Type 2 diabetes","PGS",1.1,225742,101438,124304
"157",1.3189722574921,0.978138634244439,1.77856978052771,0.276852840528463,0.15253173480417,0.0695161098701885,"Type 2 diabetes","PGS",2.1,225742,101438,124304
"158",1.59708571373804,1.24621624952777,2.04674170954895,0.468180539513352,0.126567927352514,0.00021641168879418,"Type 2 diabetes","PGS",3.1,225742,101438,124304
"159",1.77217841249408,1.43583256595977,2.18731375800126,0.572209531366309,0.10738190432042,9.89000882150639e-08,"Type 2 diabetes","PGS",4.1,225742,101438,124304
"160",2.52300504058135,2.11097583595371,3.01545585050387,0.925450667509224,0.0909712356168863,2.61712657966656e-24,"Type 2 diabetes","PGS",5.1,225742,101438,124304
"161",2.0638734854077,1.72358172822986,2.47135003464185,0.724584549911048,0.0919302729861882,3.22458812164487e-15,"Type 2 diabetes","PGS",6.1,225742,101438,124304
"162",1.97663385987796,1.6519111515733,2.36518859521887,0.681395327177464,0.091564149791116,9.93780788462409e-14,"Type 2 diabetes","PGS",7.1,225742,101438,124304
"163",2.01436237569661,1.69861669316733,2.38880013186258,0.700302706461062,0.0869855251866157,8.22573695383414e-16,"Type 2 diabetes","PGS",8.1,225742,101438,124304
"164",1.94851391175164,1.64823815663338,2.30349385433758,0.667066985494846,0.0853893506453977,5.62594320604199e-15,"Type 2 diabetes","PGS",9.1,225742,101438,124304
"165",2.04066880080872,1.72685682070577,2.4115080675259,0.713277597660861,0.085192743140386,5.64009045321363e-17,"Type 2 diabetes","PGS",10.1,225742,101438,124304
"166",1.59977388176607,1.17773792814824,2.17304411415605,0.469862295362366,0.156261395188828,0.00263927090197186,"Chronic obstructive 
pulmonary disease","PGS",1.1,231933,105732,126201
"167",1.92806411588747,1.47614361600695,2.51833981101975,0.656516450763772,0.136269559342883,1.45165937625593e-06,"Chronic obstructive 
pulmonary disease","PGS",2.1,231933,105732,126201
"168",2.04279465166426,1.62823474131383,2.56290440375991,0.714318797648243,0.115727815539066,6.72594925737741e-10,"Chronic obstructive 
pulmonary disease","PGS",3.1,231933,105732,126201
"169",1.92408374340619,1.54467084725421,2.39669069835868,0.654449876975194,0.112062790389743,5.21919285318103e-09,"Chronic obstructive 
pulmonary disease","PGS",4.1,231933,105732,126201
"170",2.18162487117369,1.78100648048193,2.67235809115963,0.780069952912243,0.103517876622086,4.8607141066455e-14,"Chronic obstructive 
pulmonary disease","PGS",5.1,231933,105732,126201
"171",1.63188581482117,1.33164112509985,1.99982657670991,0.489736287685558,0.103738731463163,2.34846656386024e-06,"Chronic obstructive 
pulmonary disease","PGS",6.1,231933,105732,126201
"172",1.55176964030853,1.25862656009199,1.91318782944424,0.439395983108301,0.106825885570372,3.90215987564801e-05,"Chronic obstructive 
pulmonary disease","PGS",7.1,231933,105732,126201
"173",1.71396550823147,1.40406410146754,2.09226755412141,0.538809696420873,0.101756326706362,1.18952764086745e-07,"Chronic obstructive 
pulmonary disease","PGS",8.1,231933,105732,126201
"174",1.705232077484,1.40065026502412,2.07604746930192,0.533701217298951,0.100391953652055,1.05971102899177e-07,"Chronic obstructive 
pulmonary disease","PGS",9.1,231933,105732,126201
"175",1.86914418687591,1.5604913577826,2.23884610056183,0.625480672033853,0.092083287678758,1.10165823977903e-11,"Chronic obstructive 
pulmonary disease","PGS",10.1,231933,105732,126201
"176",0.606318734726842,0.0800910009576666,4.5900588541161,-0.500349466288098,1.03279566792698,0.628058568257278,"Alzheimer's disease","PGS",2.1,236874,108122,128752
"177",0.957043801751879,0.2229232396116,4.10873644249708,-0.0439061187209178,0.743392060537086,0.952902835913973,"Alzheimer's disease","PGS",3.1,236874,108122,128752
"178",2.15401198862133,1.04159257819761,4.45449376679812,0.767332144466773,0.370711545282206,0.0384626405429679,"Alzheimer's disease","PGS",4.1,236874,108122,128752
"179",4.42376844882001,2.47830382511852,7.89641975710525,1.48699192307178,0.295626625256589,4.90566392362265e-07,"Alzheimer's disease","PGS",5.1,236874,108122,128752
"180",1.79638496043239,1.01271127701014,3.18649451163895,0.585776290136942,0.292426354655274,0.0451602960464379,"Alzheimer's disease","PGS",6.1,236874,108122,128752
"181",1.24413389797784,0.680656222852548,2.27408360362974,0.21843962355517,0.30772888729768,0.477800639951614,"Alzheimer's disease","PGS",7.1,236874,108122,128752
"182",1.46832593031675,0.892628038305715,2.41531852588095,0.384122928925317,0.253937443842054,0.130364128315584,"Alzheimer's disease","PGS",8.1,236874,108122,128752
"183",1.6350519323304,1.06835349416277,2.50235042616902,0.491674566737996,0.217124343751753,0.0235443728398224,"Alzheimer's disease","PGS",9.1,236874,108122,128752
"184",1.66029829718648,1.11787515408207,2.46591976355702,0.506997283325153,0.201823904381072,0.0120022737069911,"Alzheimer's disease","PGS",10.1,236874,108122,128752
"185",1.0497075316998,0.789839230915892,1.39507618636459,0.0485115841313289,0.145123811343345,0.738170378954507,"Depressive disorders","PGS",1.1,216127,101003,115124
"186",1.44314460903378,1.13979218717001,1.82723340800777,0.366824488931257,0.120399424152462,0.00231345723217025,"Depressive disorders","PGS",2.1,216127,101003,115124
"187",1.21387237076674,0.959809160313528,1.53518656982763,0.193815555946501,0.119816671847446,0.105748635501056,"Depressive disorders","PGS",3.1,216127,101003,115124
"188",1.33852943419863,1.0700922535946,1.67430522013185,0.291571574172516,0.11419940002372,0.0106744449504651,"Depressive disorders","PGS",4.1,216127,101003,115124
"189",1.28986431104249,1.02908087116642,1.61673391034401,0.254537027602844,0.115242414463886,0.0271948459987654,"Depressive disorders","PGS",5.1,216127,101003,115124
"190",1.44899295549539,1.16950097602704,1.79527903619871,0.37086880169484,0.10933448868224,0.000693700444335454,"Depressive disorders","PGS",6.1,216127,101003,115124
"191",1.34929310188666,1.0925164931881,1.66642049447345,0.299580827077094,0.107704572190544,0.00541074646796723,"Depressive disorders","PGS",7.1,216127,101003,115124
"192",1.44983346993512,1.17765241494087,1.78492147927167,0.371448701516304,0.106086502193045,0.000462862820506181,"Depressive disorders","PGS",8.1,216127,101003,115124
"193",1.60253292057306,1.31330584503621,1.95545597487965,0.471585452861,0.101551839821427,3.4207470278941e-06,"Depressive disorders","PGS",9.1,216127,101003,115124
"194",1.28811040231555,1.04801487513072,1.58321074244922,0.253176340092254,0.105246097425364,0.0161474741845878,"Depressive disorders","PGS",10.1,216127,101003,115124
"195",1.57347551597529,0.54416819717303,4.54974254694723,0.45328687716948,0.541736368361455,0.402744553814787,"Cirrhosis of the liver","PGS",1.1,236247,108063,128184
"196",1.13096274732341,0.399972820235969,3.19790913562253,0.123069258769602,0.530330123696851,0.816490166988562,"Cirrhosis of the liver","PGS",2.1,236247,108063,128184
"197",0.822102165147786,0.252134296480817,2.68052375013606,-0.195890603148176,0.603022717282102,0.745296265427049,"Cirrhosis of the liver","PGS",3.1,236247,108063,128184
"198",1.80885573099357,0.884278429427507,3.70014573087189,0.592694452538359,0.365148420431952,0.104555122789501,"Cirrhosis of the liver","PGS",4.1,236247,108063,128184
"199",3.28989348284578,1.69918949977243,6.36974223882666,1.19085518821845,0.337099977803709,0.000411421594806022,"Cirrhosis of the liver","PGS",5.1,236247,108063,128184
"200",1.81177679430002,0.948335490504023,3.46136487058967,0.594308018079635,0.330289214282307,0.071962318634667,"Cirrhosis of the liver","PGS",6.1,236247,108063,128184
"201",1.78181389324559,0.959525893859035,3.30878069104973,0.57763188658324,0.315795529172207,0.0673797514351977,"Cirrhosis of the liver","PGS",7.1,236247,108063,128184
"202",2.08262723549193,1.2293517403914,3.52814907199129,0.733630190667605,0.268955554646968,0.00637774926392223,"Cirrhosis of the liver","PGS",8.1,236247,108063,128184
"203",2.26746131457791,1.31105753689108,3.92155238686104,0.818660842035998,0.279508580132028,0.00340131886785347,"Cirrhosis of the liver","PGS",9.1,236247,108063,128184
"204",1.27574392822986,0.658049011570907,2.47325433485586,0.243529481577593,0.337764036257847,0.47090657941043,"Cirrhosis of the liver","PGS",10.1,236247,108063,128184
"205",1.74633439556975,1.2032643897057,2.53450849808317,0.557518960024488,0.190044702249951,0.00335033998054697,"Colon and rectum cancers","PGS",1.1,235839,107667,128172
"206",2.00500721698777,1.44669848380016,2.77877801434701,0.695647660247202,0.16651510446565,2.94491066242567e-05,"Colon and rectum cancers","PGS",2.1,235839,107667,128172
"207",2.07651790862389,1.49113961365785,2.89169879556639,0.730692408479071,0.168958073768087,1.52741927791162e-05,"Colon and rectum cancers","PGS",3.1,235839,107667,128172
"208",1.71162745459,1.24489993943394,2.35333656184315,0.537444645739193,0.162446601823477,0.000938176762021899,"Colon and rectum cancers","PGS",4.1,235839,107667,128172
"209",1.59270377887523,1.12849666976896,2.24786248395646,0.465433061894893,0.175792360658633,0.00810582774510814,"Colon and rectum cancers","PGS",5.1,235839,107667,128172
"210",2.3412576244008,1.74576822403829,3.13987114001604,0.850688231322189,0.149744348293882,1.33958699524647e-08,"Colon and rectum cancers","PGS",6.1,235839,107667,128172
"211",2.10895368830247,1.55557553243326,2.85918977682005,0.74619194217657,0.15528160216316,1.54433811238994e-06,"Colon and rectum cancers","PGS",7.1,235839,107667,128172
"212",1.9254096586772,1.43596061510041,2.58168804544004,0.655138754801417,0.149648010716194,1.19847667622932e-05,"Colon and rectum cancers","PGS",8.1,235839,107667,128172
"213",1.68821078826816,1.23284081415635,2.31177913068634,0.523669262944031,0.160384657101932,0.00109431895126727,"Colon and rectum cancers","PGS",9.1,235839,107667,128172
"214",1.29504603987753,0.930172781757196,1.80304592683755,0.25854624654852,0.168845536149766,0.125705394685059,"Colon and rectum cancers","PGS",10.1,235839,107667,128172
